iter	MultiClass
0	1.001046721
1	0.920913564622	0.852732401533	0.799654397144	0.752041328155	0.710557858966	0.677519534477	0.646690767388	0.617174529999	0.5928891111110	0.5726150021111	0.5512236701112	0.5341720291113	0.5192634031414	0.5043982501515	0.4898177041616	0.4767513961717	0.464816385118	0.4529781361119	0.4420948968220	0.4331236512221	0.424781852
22	0.4166089217
23	0.4083990223224	0.4011068837225	0.3939766931226	0.3864357929227	0.3817926102228	0.3764767632229	0.371376843030	0.3668785813331	0.3623771363332	0.3588381963333	0.3555586703334	0.3520974973535	0.3478351253636	0.3444665713737	0.3409376023838	0.3388138439	39	0.3354563044040	0.3312808841	41	0.3267105242	42	0.3241278443	43	0.3212837444	44	0.3174281445	45	0.314961446	046	0.311268347	047	0.309812448	048	0.307117449	049	0.303793650	050	0.30090751	0.51	0.29831552	0.52	0.29560553	0.3477508723554	0.345829689
55	0.355	0.2880656	0.3397971303557	057	0.283930558	058	0.280400559	059	0.278476460	060	0.276960561	061	0.27465762	0.62	0.27213963	0.63	0.26986464	0.64	0.26743365	0.65	0.26514966	0.66	0.26314867	0.67	0.26157468	068	0.260117469	069	0.258070070	070	0.256999371	071	0.255170672	072	0.252818973	073	0.251220474	074	0.249277475	75	0.2472302776	76	0.245578277777	0.2441411177878	0.2423654377979	0.2401179088080	0.23824545881	0.2897168605882	0.2879472842883	0.2870331439884	0.2857717479885	0.284128163588686	0.2295586588787	0.2281701788888	0.2269839888989	0.2260901909090	0.22532391	9191	0.2244739292	0.2734836049393	0.2725219999494	94	0.22044695	0.95	0.21915296	0.96	0.21783697	097	0.216887398	098	0.215593999	099	0.2138064572

